mask,transform,cls,BQ,A,waste,flop_gain,kv_rows_per_tile,traffic_ratio,amortisable
causal,identity,A,32,32,1.0075665120820112,1.0,32,1.0,True
causal,identity,A,16,16,1.0036612155235538,1.0,16,1.0,True
causal,shear,B,32,32,1.0075665120820112,1.0,63,1.96875,False
causal,shear,B,16,16,1.0036612155235538,1.0,31,1.9375,False
causal,residue-perm-2,A,32,32,1.015377105198926,0.9923076923076923,32,1.0,True
causal,residue-perm-2,A,16,16,1.0075665120820112,0.9961240310077519,16,1.0,True
causal,residue-perm-4,A,32,32,1.0309982914327556,0.9772727272727273,32,1.0,True
causal,residue-perm-4,A,16,16,1.015377105198926,0.9884615384615385,16,1.0,True
causal,residue-perm-8,A,32,32,1.062240663900415,0.9485294117647058,32,1.0,True
causal,residue-perm-8,A,16,16,1.0309982914327556,0.9734848484848485,16,1.0,True
window-128,identity,A,32,32,1.249845009299442,1.0,32,1.0,True
window-128,identity,A,16,16,1.1248605083694978,1.0,16,1.0,True
window-128,shear,B,32,32,1.0038437693738376,1.2450592885375493,63,1.96875,False
window-128,shear,B,16,16,1.0018598884066956,1.1227722772277229,31,1.9375,False
window-128,residue-perm-2,A,32,32,1.4998140111593303,0.8333333333333334,32,1.0,True
window-128,residue-perm-2,A,16,16,1.249845009299442,0.9,16,1.0,True
window-128,residue-perm-4,A,32,32,1.9997520148791073,0.625,32,1.0,True
window-128,residue-perm-4,A,16,16,1.4998140111593303,0.75,16,1.0,True
window-128,residue-perm-8,A,32,32,3.9360198388096714,0.3175403225806452,32,1.0,True
window-128,residue-perm-8,A,16,16,1.9997520148791073,0.5625,16,1.0,True
window-256,identity,A,32,32,1.1248582587879552,1.0,32,1.0,True
window-256,identity,A,16,16,1.0623661332997354,1.0,16,1.0,True
window-256,shear,B,32,32,1.0039057578430137,1.1204819277108433,63,1.96875,False
window-256,shear,B,16,16,1.0018898828272647,1.0603621730382293,31,1.9375,False
window-256,residue-perm-2,A,32,32,1.2498425097643946,0.9,32,1.0,True
window-256,residue-perm-2,A,16,16,1.1248582587879552,0.9444444444444444,16,1.0,True
window-256,residue-perm-4,A,32,32,1.4998110117172736,0.75,32,1.0,True
window-256,residue-perm-4,A,16,16,1.2498425097643946,0.85,16,1.0,True
window-256,residue-perm-8,A,32,32,1.9997480156230314,0.5625,32,1.0,True
window-256,residue-perm-8,A,16,16,1.4998110117172736,0.7083333333333334,16,1.0,True
window-1024,identity,A,32,32,1.0311061514855628,1.0,32,1.0,True
window-1024,identity,A,16,16,1.015483331008509,1.0,16,1.0,True
window-1024,shear,B,32,32,1.0043241735248989,1.0266666666666666,63,1.96875,False
window-1024,shear,B,16,16,1.0020923420281769,1.0133630289532294,31,1.9375,False
window-1024,residue-perm-2,A,32,32,1.0623517924396708,0.9705882352941176,32,1.0,True
window-1024,residue-perm-2,A,16,16,1.0311061514855628,0.9848484848484849,16,1.0,True
window-1024,residue-perm-4,A,32,32,1.1248430743478868,0.9166666666666666,32,1.0,True
window-1024,residue-perm-4,A,16,16,1.0623517924396708,0.9558823529411765,16,1.0,True
window-1024,residue-perm-8,A,32,32,1.2498256381643187,0.825,32,1.0,True
window-1024,residue-perm-8,A,16,16,1.1248430743478868,0.9027777777777778,16,1.0,True
dilated-2,identity,A,32,32,2.014641288433382,1.0,32,1.0,True
dilated-2,identity,A,16,16,2.0068326012689117,1.0,16,1.0,True
dilated-2,shear,B,32,32,2.014641288433382,1.0,63,1.96875,False
dilated-2,shear,B,16,16,2.0068326012689117,1.0,31,1.9375,False
dilated-2,residue-perm-2,A,32,32,1.0151293313811616,1.9846153846153847,32,1.0,True
dilated-2,residue-perm-2,A,16,16,1.007320644216691,1.9922480620155039,16,1.0,True
dilated-2,stridefold-2,B,32,32,1.0151293313811616,1.9846153846153847,94,2.9375,False
dilated-2,stridefold-2,B,16,16,1.007320644216691,1.9922480620155039,46,2.875,False
dilated-2,residue-perm-4,A,32,32,1.0307467057101025,1.9545454545454546,32,1.0,True
dilated-2,residue-perm-4,A,16,16,1.0151293313811616,1.976923076923077,16,1.0,True
dilated-2,residue-perm-8,A,32,32,1.0619814543679844,1.8970588235294117,32,1.0,True
dilated-2,residue-perm-8,A,16,16,1.0307467057101025,1.946969696969697,16,1.0,True
dilated-4,identity,A,32,32,4.027317073170732,1.0,32,1.0,True
dilated-4,identity,A,16,16,4.011707317073171,1.0,16,1.0,True
dilated-4,shear,B,32,32,4.027317073170732,1.0,63,1.96875,False
dilated-4,shear,B,16,16,4.011707317073171,1.0,31,1.9375,False
dilated-4,residue-perm-2,A,32,32,2.029268292682927,1.9846153846153847,32,1.0,True
dilated-4,residue-perm-2,A,16,16,2.013658536585366,1.9922480620155039,16,1.0,True
dilated-4,stridefold-2,B,32,32,2.029268292682927,1.9846153846153847,94,2.9375,False
dilated-4,stridefold-2,B,16,16,2.013658536585366,1.9922480620155039,46,2.875,False
dilated-4,residue-perm-4,A,32,32,1.0302439024390244,3.909090909090909,32,1.0,True
dilated-4,residue-perm-4,A,16,16,1.0146341463414634,3.953846153846154,16,1.0,True
dilated-4,stridefold-4,B,32,32,1.0302439024390244,3.909090909090909,156,4.875,False
dilated-4,stridefold-4,B,16,16,1.0146341463414634,3.953846153846154,76,4.75,False
dilated-4,residue-perm-8,A,32,32,1.0614634146341464,3.7941176470588234,32,1.0,True
dilated-4,residue-perm-8,A,16,16,1.0302439024390244,3.893939393939394,16,1.0,True
dilated-8,identity,A,32,32,8.046783625730994,1.0,32,1.0,True
dilated-8,identity,A,16,16,8.015594541910332,1.0,16,1.0,True
dilated-8,shear,B,32,32,8.046783625730994,1.0,63,1.96875,False
dilated-8,shear,B,16,16,8.015594541910332,1.0,31,1.9375,False
dilated-8,residue-perm-2,A,32,32,4.05458089668616,1.9846153846153847,32,1.0,True
dilated-8,residue-perm-2,A,16,16,4.023391812865497,1.9922480620155039,16,1.0,True
dilated-8,stridefold-2,B,32,32,4.05458089668616,1.9846153846153847,94,2.9375,False
dilated-8,stridefold-2,B,16,16,4.023391812865497,1.9922480620155039,46,2.875,False
dilated-8,residue-perm-4,A,32,32,2.0584795321637426,3.909090909090909,32,1.0,True
dilated-8,residue-perm-4,A,16,16,2.02729044834308,3.953846153846154,16,1.0,True
dilated-8,stridefold-4,B,32,32,2.0584795321637426,3.909090909090909,156,4.875,False
dilated-8,stridefold-4,B,16,16,2.02729044834308,3.953846153846154,76,4.75,False
dilated-8,residue-perm-8,A,32,32,1.060428849902534,7.588235294117647,32,1.0,True
dilated-8,residue-perm-8,A,16,16,1.0292397660818713,7.787878787878788,16,1.0,True
dilated-8,stridefold-8,B,32,32,1.060428849902534,7.588235294117647,280,8.75,False
dilated-8,stridefold-8,B,16,16,1.0292397660818713,7.787878787878788,136,8.5,False
sinks4+win256,identity,A,32,32,1.2262700113450145,1.0,32,1.0,True
sinks4+win256,identity,A,16,16,1.1058771053728824,1.0,16,1.0,True
sinks4+win256,shear,B,32,32,1.2262700113450145,1.0,63,1.96875,False
sinks4+win256,shear,B,16,16,1.1058771053728824,1.0,31,1.9375,False
sinks4+win256,residue-perm-2,A,32,32,1.4655664265143655,0.8367208672086721,32,1.0,True
sinks4+win256,residue-perm-2,A,16,16,1.2262700113450145,0.9018218623481782,16,1.0,True
sinks4+win256,residue-perm-4,A,32,32,1.9382016697534157,0.6326844262295082,32,1.0,True
sinks4+win256,residue-perm-4,A,16,16,1.4655664265143655,0.7545731707317073,16,1.0,True
sinks4+win256,residue-perm-8,A,32,32,2.414808637725567,0.5078125,32,1.0,True
sinks4+win256,residue-perm-8,A,16,16,1.7078416352335424,0.6475290697674418,16,1.0,True
local256+str8,identity,A,32,32,4.359028511087645,1.0,32,1.0,True
local256+str8,identity,A,16,16,4.342133051742344,1.0,16,1.0,True
local256+str8,shear,B,32,32,4.36325237592397,0.9990319457889641,63,1.96875,False
local256+str8,shear,B,16,16,4.344244984160507,0.9995138551288284,31,1.9375,False
local256+str8,residue-perm-2,A,32,32,2.5237592397043294,1.7271966527196654,32,1.0,True
local256+str8,residue-perm-2,A,16,16,2.4741288278775078,1.7550149381135296,16,1.0,True
local256+str8,residue-perm-4,A,32,32,1.7043294614572333,2.557620817843866,32,1.0,True
local256+str8,residue-perm-4,A,16,16,1.5892291446673708,2.7322259136212623,16,1.0,True
local256+str8,residue-perm-8,A,32,32,1.4910242872228088,2.923512747875354,32,1.0,True
local256+str8,residue-perm-8,A,16,16,1.244984160506864,3.4877014418999153,16,1.0,True
docpack-512,identity,A,32,32,1.1641182071416463,1.0,32,1.0,True
docpack-512,identity,A,16,16,1.0792705707531696,1.0,16,1.0,True
docpack-512,shear,B,32,32,1.245295589538764,0.9348127600554785,63,1.96875,False
docpack-512,shear,B,16,16,1.1021556838757611,0.9792360430950049,31,1.9375,False
docpack-512,residue-perm-2,A,32,32,1.3195642585403824,0.8821989528795812,32,1.0,True
docpack-512,residue-perm-2,A,16,16,1.1641182071416463,0.9271142433234422,16,1.0,True
docpack-512,residue-perm-4,A,32,32,1.6442737881288536,0.707983193277311,32,1.0,True
docpack-512,residue-perm-4,A,16,16,1.3066104209238212,0.8260079312623926,16,1.0,True
docpack-512,residue-perm-8,A,32,32,2.2660579937237983,0.5137195121951219,32,1.0,True
docpack-512,residue-perm-8,A,16,16,1.6028215077558572,0.6733566810344828,16,1.0,True
